City_ID,City,Lat,Lng,Max Temp,Humidity,Cloudiness,Wind Speed,Country,Date
0,rio grande,-32.035,-52.0986,23.06,84,100,2.19,BR,1711999219
1,waitangi,-43.9535,-176.5597,12.68,90,100,3.49,NZ,1711999219
2,castillos,-34.1667,-53.8333,14.37,89,100,5.0,UY,1711999220
3,longyearbyen,78.2186,15.6401,-16.09,72,75,1.54,SJ,1711999220
4,hawaiian paradise park,19.5933,-154.9731,25.49,79,20,1.54,US,1711999221
5,gadzhiyevo,69.2551,33.3362,-9.27,71,96,5.46,RU,1711999221
6,enewetak,11.3474,162.3373,26.97,71,59,7.18,MH,1711999222
7,castelfiorentino,43.61,10.9692,14.12,86,0,5.44,IT,1711999222
8,blackmans bay,-43.0167,147.3167,15.07,95,100,1.98,AU,1711999223
9,port-aux-francais,-49.35,70.2167,6.68,82,85,5.52,TF,1711999223
10,sitka,57.0531,-135.33,5.94,56,75,3.6,US,1711999026
11,dryden,49.7833,-92.7503,2.16,41,75,4.12,CA,1711999224
12,bethel,41.3712,-73.414,13.43,51,100,2.06,US,1711999224
13,mocimboa,-11.3167,40.35,25.32,91,78,3.23,MZ,1711999225
14,hammerfest,70.6634,23.6821,-6.75,79,75,6.69,NO,1711999225
15,ilulissat,69.2167,-51.1,-1.99,74,75,0.0,GL,1711999226
16,lazaro cardenas,17.9583,-102.2,28.62,59,14,4.54,MX,1711999226
17,kashgar,39.4547,75.9797,11.92,16,100,4.03,CN,1711999227
18,invercargill,-46.4,168.35,8.34,94,12,1.79,NZ,1711999178
19,yellowknife,62.456,-114.3525,-4.21,80,75,8.23,CA,1711999228
20,aasiaat,68.7098,-52.8699,-0.45,78,100,0.69,GL,1711999228
21,iqaluit,63.7506,-68.5145,0.85,86,100,9.26,CA,1711999229
22,tiksi,71.6872,128.8694,-10.56,91,100,2.68,RU,1711999229
23,vilyuchinsk,52.9306,158.4028,-0.85,81,14,4.2,RU,1711999230
24,point pleasant,40.0832,-74.0682,10.19,87,100,3.6,US,1711999231
25,nemuro,43.3236,145.575,0.02,79,100,4.44,JP,1711999231
26,geraldton,-28.7667,114.6,24.23,41,5,5.66,AU,1711999180
27,college,64.8569,-147.8028,1.36,66,0,5.66,US,1711998941
28,puerto ayora,-0.7393,-90.3518,28.98,89,3,4.02,EC,1711999233
29,margaret river,-33.95,115.0667,11.26,84,0,5.7,AU,1711999233
30,edinburgh of the seven seas,-37.0676,-12.3116,18.38,89,40,9.08,SH,1711999233
31,haiku-pauwela,20.9219,-156.3051,25.65,73,20,6.17,US,1711999234
32,afaahiti,-17.75,-149.2833,28.93,77,81,9.1,PF,1711999234
33,adamstown,-25.066,-130.1015,22.81,87,100,13.46,PN,1711999235
34,peterhead,57.5058,-1.7981,7.22,88,100,8.45,GB,1711999235
35,keflavik,64.0049,-22.5624,-3.05,58,20,13.89,IS,1711999236
36,ponta delgada,37.7333,-25.6667,18.44,82,75,9.26,PT,1711999236
37,flying fish cove,-10.4217,105.6791,25.82,83,75,3.09,CX,1711999053
38,west island,-12.1568,96.8225,26.99,94,100,3.6,CC,1711999237
39,remire-montjoly,4.9167,-52.2667,32.02,62,20,4.63,GF,1711999237
40,jamestown,42.097,-79.2353,13.9,59,0,4.12,US,1711999237
41,necochea,-38.5473,-58.7368,16.25,63,56,7.76,AR,1711999172
42,mishelevka,52.8575,103.1719,-3.62,75,100,4.32,RU,1711999238
43,isafjordur,66.0755,-23.124,-4.74,75,100,11.9,IS,1711999218
44,ust-nera,64.5667,143.2,-21.58,92,87,0.46,RU,1711999239
45,sinjar,36.3209,41.8754,20.34,45,99,1.96,IQ,1711999239
46,willowmore,-33.2926,23.4895,15.97,82,48,2.63,ZA,1711999240
47,ganye,8.4333,12.0667,31.64,37,100,2.05,NG,1711999240
48,acapulco de juarez,16.8634,-99.8901,28.9,74,0,4.63,MX,1711999033
49,yartsevo,55.0667,32.6964,12.62,86,13,2.54,RU,1711999241
50,saudarkrokur,65.7461,-19.6394,-5.33,68,27,7.11,IS,1711999242
51,el calafate,-50.3408,-72.2768,9.1,64,100,3.75,AR,1711999242
52,lyakhavichy,53.0388,26.2656,15.2,70,100,4.05,BY,1711999242
53,stanley,54.868,-1.6985,6.77,96,75,2.06,GB,1711999243
54,uturoa,-16.7333,-151.4333,28.29,76,79,9.21,PF,1711999243
55,badiyah,22.45,58.8,26.63,38,10,4.59,OM,1711999244
56,hilo,19.7297,-155.09,25.61,74,20,2.24,US,1711998976
57,berezovyy,51.6667,135.7,-7.27,93,17,1.82,RU,1711999244
58,utrik,11.2278,169.8474,27.29,66,100,8.3,MH,1711999245
59,garbahaarrey,3.3289,42.2209,26.05,79,91,4.91,SO,1711999245
60,hamilton,39.1834,-84.5333,24.35,69,20,3.6,US,1711999136
61,east london,-33.0153,27.9116,21.05,93,100,2.62,ZA,1711999246
62,genhe,50.7833,121.5167,-14.82,98,100,0.58,CN,1711999247
63,conduaga,8.862,117.4893,25.07,86,52,1.51,PH,1711999247
64,bilibino,68.0546,166.4372,-23.41,86,100,0.72,RU,1711999247
65,bredasdorp,-34.5322,20.0403,17.3,71,13,7.6,ZA,1711999248
66,richards bay,-28.783,32.0377,23.34,71,100,6.01,ZA,1711999248
67,hermanus,-34.4187,19.2345,18.22,82,69,6.21,ZA,1711999249
68,san jose del guaviare,2.5729,-72.6459,31.94,53,79,2.24,CO,1711999249
69,garissa,-0.4536,39.6401,29.94,58,69,6.06,KE,1711999250
70,tralee,52.2704,-9.7026,9.28,82,96,0.26,IE,1711999250
71,farasan,16.7022,42.1183,28.7,78,48,5.58,SA,1711999250
72,puerto natales,-51.7236,-72.4875,12.25,47,75,11.83,CL,1711999028
73,strezhevoy,60.7333,77.5889,-3.35,93,100,6.26,RU,1711999251
74,klaksvik,62.2266,-6.589,6.51,97,100,15.34,FO,1711999252
75,nadym,65.5333,72.5167,-8.04,98,87,4.36,RU,1711999252
76,albany,42.6001,-73.9662,13.71,52,96,1.34,US,1711998593
77,altay,47.8667,88.1167,-0.43,71,44,1.76,CN,1711999253
78,kongolo,-5.3833,27.0,22.69,94,100,0.87,CD,1711999253
79,phan rang-thap cham,11.5667,108.9833,24.73,86,8,1.23,VN,1711999254
80,wailua homesteads,22.0669,-159.378,25.24,80,100,6.17,US,1711999254
81,vorkuta,67.5,64.0,-19.42,100,100,2.23,RU,1711999254
82,nagqu,31.5,92.0,-1.53,20,100,0.99,CN,1711999255
83,avarua,-21.2078,-159.775,29.03,70,20,2.57,CK,1711999255
84,zhanibek,49.4167,46.85,12.5,73,100,4.13,KZ,1711999256
85,olonkinbyen,70.9221,-8.7187,-5.8,56,100,7.01,SJ,1711999256
86,st. john's,47.5649,-52.7093,3.49,86,100,3.6,CA,1711999164
87,grytviken,-54.2811,-36.5092,2.34,77,52,6.51,GS,1711999257
88,barquisimeto,10.0739,-69.3228,29.5,49,100,3.95,VE,1711999024
89,kruisfontein,-34.0033,24.7314,16.05,79,100,1.88,ZA,1711999258
90,nova sintra,14.8667,-24.7167,18.91,80,5,9.42,CV,1711998976
91,manokwari,-0.8667,134.0833,25.91,85,100,2.72,ID,1711999259
92,daru,-9.0763,143.2092,26.68,88,100,4.21,PG,1711999259
93,kalmunai,7.4167,81.8167,26.59,85,33,0.73,LK,1711999260
94,saipan,15.1355,145.701,27.39,1,40,8.75,MP,1711999260
95,port elizabeth,-33.918,25.5701,17.4,80,40,3.6,ZA,1711999261
96,guerrero negro,27.9769,-114.0611,16.9,67,0,6.73,MX,1711999174
97,tobol'sk,58.2,68.2667,1.45,97,72,1.34,RU,1711999261
98,lebu,-37.6167,-73.65,15.05,61,93,4.8,CL,1711999034
99,tazovsky,67.4667,78.7,-8.92,94,100,6.23,RU,1711999262
100,macheng,31.1783,115.0319,20.62,85,100,0.86,CN,1711999263
101,pailon,-17.65,-62.75,34.5,38,30,7.14,BO,1711999263
102,dunedin,-45.8742,170.5036,8.78,72,59,1.77,NZ,1711999175
103,morinville,53.8001,-113.652,11.01,29,0,9.26,CA,1711999264
104,tokar,18.4254,37.729,27.53,78,35,3.04,SD,1711999265
105,constantia,44.1833,28.65,16.38,62,37,5.1,RO,1711999030
106,skowhegan,44.7651,-69.7192,13.31,47,99,3.41,US,1711999264
107,arteche,12.2645,125.4048,25.26,87,100,3.41,PH,1711999266
108,kuala belait,4.5833,114.1833,26.09,92,100,1.04,BN,1711999266
109,port mathurin,-19.6833,63.4167,26.39,84,100,6.64,MU,1711999267
110,lerwick,60.1545,-1.1494,7.0,77,100,11.38,GB,1711999039
111,luebo,-5.35,21.4167,22.11,90,99,0.54,CD,1711999267
112,paraiso,9.8383,-83.8656,31.2,30,7,2.28,CR,1711999268
113,scarborough,54.2797,-0.4044,9.25,86,85,0.92,GB,1711998796
114,kiunga,-6.1219,141.2906,23.08,100,98,0.69,PG,1711999269
115,bargaal,11.2864,51.0773,27.59,78,15,2.07,SO,1711999269
116,ushuaia,-54.8,-68.3,11.81,47,40,7.2,AR,1711999242
117,praia da vitoria,38.7333,-27.0667,17.14,82,40,8.64,PT,1711999270
118,kourou,5.1552,-52.6478,32.03,66,85,3.52,GF,1711999270
119,laojunmiao,39.8333,97.7333,2.95,60,100,1.04,CN,1711999271
120,thompson,55.7435,-97.8558,1.09,40,40,5.66,CA,1711999010
121,borogontsy,62.6683,131.1683,-24.04,100,100,1.02,RU,1711999272
122,chonchi,-42.6128,-73.8092,14.56,55,45,1.14,CL,1711999040
123,aytos,42.7,27.25,17.68,72,6,1.61,BG,1711999272
124,lihue,21.9789,-159.3672,25.58,80,100,6.17,US,1711999063
125,paphos,34.7667,32.4167,17.88,63,0,2.57,CY,1711999273
126,neryungri,56.6709,124.6491,-19.09,99,99,0.71,RU,1711999274
127,happy valley-goose bay,53.3168,-60.3315,3.17,87,100,4.63,CA,1711999274
128,orda,57.1951,56.9091,1.14,97,100,3.36,RU,1711999275
129,nema,57.5067,50.5011,1.25,99,100,5.19,RU,1711999275
130,coquimbo,-29.9533,-71.3436,20.85,60,0,5.66,CL,1711999023
131,mocoa,1.1493,-76.6466,27.82,80,76,1.73,CO,1711999276
132,tolanaro,-25.0319,46.9987,24.04,73,75,8.23,MG,1711999277
133,touros,-5.1989,-35.4608,27.94,76,100,4.44,BR,1711999277
134,lompoc,34.6391,-120.4579,21.5,63,0,4.12,US,1711999144
135,debre werk',10.6667,38.1667,19.76,38,100,2.16,ET,1711999278
136,xilin hot,43.9667,116.0333,2.94,79,49,4.42,CN,1711999279
137,beira,-19.8436,34.8389,26.05,89,40,5.66,MZ,1711999253
138,georgetown,5.4112,100.3354,28.86,87,20,0.51,MY,1711999174
139,fort bragg,35.139,-79.006,29.55,48,20,4.12,US,1711999280
140,chongwe,-15.3292,28.682,19.59,71,97,1.81,ZM,1711999281
141,ribeira grande,38.5167,-28.7,17.22,77,40,11.32,PT,1711999281
142,korla,41.7597,86.1469,8.67,66,100,4.34,CN,1711999282
143,mengellang,7.6957,134.6305,26.95,79,89,6.73,PW,1711999282
144,luderitz,-26.6481,15.1594,19.39,59,0,10.05,NA,1711999283
145,pangoa,-12.1167,-73.0,30.38,49,44,1.54,PE,1711999283
146,hithadhoo,-0.6,73.0833,29.13,73,100,2.3,MV,1711999284
147,klyuchi,52.2667,79.1667,4.41,50,100,3.79,RU,1711999284
148,rosetta,31.4044,30.4164,18.76,74,0,5.1,EG,1711999284
149,taoudenni,22.6783,-3.9836,35.14,11,44,3.62,ML,1711999276
150,vargarda,58.0371,12.8091,8.6,78,100,4.92,SE,1711999285
151,chaoyang,41.5703,120.4586,7.25,38,100,0.96,CN,1711999286
152,clodomira,-27.5744,-64.1311,18.87,86,100,6.54,AR,1711999286
153,miramichi,47.0043,-65.4654,5.76,56,99,4.44,CA,1711999276
154,kapuskasing,49.4169,-82.4331,0.0,59,20,2.06,CA,1711999287
155,port sudan,19.6175,37.2164,26.26,80,97,4.44,SD,1711999287
156,tsiombe,-25.3,45.4833,22.15,80,8,8.78,MG,1711999288
157,sao joao da barra,-21.6403,-41.0511,29.05,77,38,5.51,BR,1711999288
158,diego de almagro,-26.3667,-70.05,29.65,24,0,5.35,CL,1711999289
159,sao domingos do maranhao,-5.5758,-44.3853,29.82,77,99,1.39,BR,1711999289
160,qaqortoq,60.7167,-46.0333,-1.08,67,12,0.81,GL,1711999289
161,polyarnyy,69.1989,33.4478,-8.82,72,94,5.59,RU,1711999290
162,rosarito,32.3333,-117.0333,19.18,58,0,4.4,MX,1711999290
163,ar rutbah,33.0381,40.2848,20.94,26,39,1.14,IQ,1711999291
164,qui nhon,13.7667,109.2333,24.78,92,1,2.89,VN,1711999291
165,port blair,11.6667,92.75,24.02,94,3,1.03,IN,1711999291
166,kijang,35.2442,129.2139,6.85,56,100,2.68,KR,1711999292
167,whitehorse,60.7161,-135.0538,0.43,47,100,4.63,CA,1711999279
168,la passe,45.5549,-0.8967,11.66,76,0,9.23,FR,1711999293
169,bako,5.7833,36.5667,20.62,66,33,1.8,ET,1711999293
170,pisco,-13.7,-76.2167,26.03,61,0,3.09,PE,1711999294
171,badger,64.8,-147.5333,1.31,64,0,5.66,US,1711999294
172,mugumu,-1.85,34.7,17.65,89,60,1.03,TZ,1711999294
173,bellinzona,46.1928,9.017,9.97,88,20,2.57,CH,1711999295
174,grande prairie,55.1667,-118.8027,10.1,17,75,6.69,CA,1711999143
175,san antonio de pale,-1.4014,5.6325,29.07,82,93,5.95,GQ,1711999296
176,kodiak,57.79,-152.4072,-0.27,69,0,6.69,US,1711999296
177,alice springs,-23.7,133.8833,22.9,70,40,2.68,AU,1711999160
178,petropavlovsk-kamchatsky,53.0452,158.6483,-1.67,84,20,5.36,RU,1711999297
179,mek'ele,13.4967,39.4753,20.61,58,100,0.96,ET,1711999277
180,totoras,-32.5844,-61.1685,21.67,48,100,6.02,AR,1711999298
181,santa elena de uairen,4.6167,-61.1333,30.48,39,100,1.22,VE,1711999299
182,xichang,27.8964,102.2634,13.5,61,40,1.1,CN,1711999299
183,weno,7.4515,151.8468,27.97,89,75,3.6,FM,1711999299
184,papatowai,-46.5619,169.4708,8.95,90,21,2.58,NZ,1711999300
185,brookings,44.3114,-96.7984,1.77,94,100,3.6,US,1711999300
186,rongelap,11.1635,166.8941,26.67,75,100,8.11,MH,1711999301
187,pointe aux piments,-20.0628,57.5131,26.39,92,91,6.89,MU,1711999301
188,ghadamis,30.1337,9.5007,28.37,8,0,4.34,LY,1711999302
189,tan-tan,28.438,-11.1032,18.86,77,0,5.36,MA,1711999302
190,kongsberg,59.6652,9.6465,6.9,87,100,2.84,NO,1711999303
191,quelimane,-17.8786,36.8883,26.97,89,20,1.68,MZ,1711999204
192,naze,28.3667,129.4833,18.51,78,68,5.56,JP,1711999304
193,yovon,38.3141,69.0378,10.82,48,100,2.58,TJ,1711999304
194,maputo,-25.9653,32.5892,23.82,73,20,2.57,MZ,1711999081
195,acarau,-2.8856,-40.12,28.37,76,87,2.74,BR,1711999306
196,palmer,42.1584,-72.3287,14.62,39,75,2.06,US,1711999254
197,porto de moz,-1.7483,-52.2383,32.21,58,79,1.41,BR,1711999306
198,alvaraes,-3.2208,-64.8042,24.17,98,100,0.86,BR,1711999125
199,aioun,16.6614,-9.6149,38.61,11,98,3.21,MR,1711999307
200,flin flon,54.7682,-101.865,-0.09,59,100,4.12,CA,1711999308
201,fort mcmurray,56.7268,-111.381,8.77,42,75,7.2,CA,1711999308
202,anadyr,64.75,177.4833,-23.72,58,0,1.0,RU,1711999308
203,inhambane,-23.865,35.3833,23.99,94,75,1.54,MZ,1711999309
204,morant bay,17.8815,-76.4093,31.79,73,37,4.78,JM,1711999310
205,datca,36.7378,27.6842,18.75,66,5,4.26,TR,1711999310
206,axim,4.8699,-2.2405,28.25,81,100,2.1,GH,1711999310
207,holualoa,19.6228,-155.9522,23.77,74,75,3.09,US,1711999311
208,gokwe,-18.2048,28.9349,22.8,43,96,3.06,ZW,1711999311
209,tandil,-37.3217,-59.1332,20.94,33,1,2.21,AR,1711999056
210,divnoye,45.9089,43.3547,13.02,70,54,4.5,RU,1711999312
211,hasaki,35.7333,140.8333,6.22,56,0,3.5,JP,1711999313
212,tomatlan,19.9333,-105.25,34.73,30,28,4.38,MX,1711999313
213,tromso,69.6496,18.957,-6.99,58,20,4.63,NO,1711999314
214,tura,25.5198,90.2201,21.86,34,5,2.27,IN,1711999314
215,punta del este,-34.9667,-54.95,17.15,74,75,4.02,UY,1711999300
216,novyy urengoy,66.0833,76.6333,-7.8,95,100,4.6,RU,1711999315
217,bardai,11.65,7.2333,32.83,11,100,3.44,NG,1711999315
218,rossano,39.5751,16.6349,17.2,53,100,6.08,IT,1711999316
219,anta,25.15,76.3,27.99,16,100,3.04,IN,1711999316
220,mormugao,15.4,73.8,27.59,78,0,1.54,IN,1711999317
221,fale old settlement,-9.3852,-171.2468,29.71,72,13,6.09,TK,1711999318
222,san patricio,28.017,-97.5169,30.09,58,100,9.09,US,1711999318
223,talnakh,69.4865,88.3972,-17.66,92,100,4.84,RU,1711999319
224,mariental,-24.6333,17.9667,27.68,35,77,3.02,NA,1711999319
225,port lincoln,-34.7333,135.8667,15.73,79,2,7.5,AU,1711999319
226,babu,24.4167,111.5167,23.74,95,66,2.23,CN,1711999320
227,egilsstadir,65.2653,-14.3948,-5.05,86,75,6.17,IS,1711999320
228,darnah,32.767,22.6367,20.81,50,0,3.54,LY,1711999321
229,petauke,-14.2426,31.3253,18.73,82,100,2.17,ZM,1711999321
230,kalecik,40.0972,33.4083,16.34,38,13,1.83,TR,1711999322
231,katsuura,35.1333,140.3,11.47,69,1,2.35,JP,1711999322
232,morehead city,34.7229,-76.726,28.01,76,0,6.17,US,1711999270
233,itoman,26.1247,127.6694,22.43,90,75,6.69,JP,1711999323
234,ulladulla,-35.35,150.4667,18.23,72,100,4.17,AU,1711999324
235,omagari,39.45,140.4833,3.22,68,27,4.19,JP,1711999324
236,jiayuguan,39.8167,98.3,5.86,58,100,3.9,CN,1711999325
237,dubbo,-32.25,148.6167,22.07,68,100,3.6,AU,1711999325
238,yurty,56.0498,97.6348,-9.45,96,29,1.18,RU,1711999325
239,paradip garh,20.3167,86.6167,28.02,73,100,7.65,IN,1711999326
240,mount gambier,-37.8333,140.7667,12.54,92,46,3.03,AU,1711999239
241,sur,22.5667,59.5289,25.97,56,6,0.4,OM,1711999327
242,gamba,-2.65,10.0,26.63,84,87,3.1,GA,1711999327
243,labrador city,52.9463,-66.9114,-4.05,68,75,2.57,CA,1711999210
244,vorgashor,67.5833,63.95,-20.04,100,100,2.05,RU,1711999311
245,nar'yan-mar,67.6713,53.087,-9.38,87,100,4.92,RU,1711999328
246,kingaroy,-26.5333,151.8333,16.58,98,63,1.19,AU,1711999052
247,robertsport,6.7533,-11.3686,27.71,85,55,3.74,LR,1711999329
248,znamenskoye,57.1281,73.8282,0.53,99,100,2.84,RU,1711999330
249,sao jose da coroa grande,-8.8978,-35.1478,29.47,72,98,4.61,BR,1711999330
250,myitkyina,25.3833,97.4,18.15,89,55,1.82,MM,1711999331
251,leh,34.1667,77.5833,-10.83,79,15,0.82,IN,1711999331
252,yenotayevka,47.2456,47.0281,12.64,54,84,5.54,RU,1711999331
253,solwezi,-12.1688,26.3894,17.12,97,96,1.18,ZM,1711999332
254,eureka,40.8021,-124.1637,20.37,65,0,1.79,US,1711999286
255,kotlas,61.2611,46.6556,6.7,76,100,2.68,RU,1711999333
256,fenoarivo atsinanana,-17.3667,49.4167,23.19,98,60,0.8,MG,1711999151
257,nuuk,64.1835,-51.7216,0.34,69,20,4.63,GL,1711999190
258,sisimiut,66.9395,-53.6735,-0.39,80,100,3.71,GL,1711999311
259,kasama,-10.2129,31.1808,17.57,97,100,1.76,ZM,1711999334
260,tabou,4.423,-7.3528,28.22,82,5,2.84,CI,1711999335
261,kapa'a,22.0752,-159.319,25.99,80,100,6.17,US,1711999335
262,oranjemund,-28.55,16.4333,15.68,83,74,8.01,NA,1711999336
263,hassi messaoud,31.6804,6.0729,27.92,17,0,2.06,DZ,1711999336
264,hirara,24.8,125.2833,24.15,94,100,4.12,JP,1711999337
265,santana,-0.0583,-51.1817,32.1,66,40,4.63,BR,1711999112
266,inirida,3.8653,-67.9239,33.06,50,74,2.22,CO,1711999094
267,peace river,56.2501,-117.286,10.17,20,20,5.14,CA,1711999338
268,moab,38.5733,-109.5498,14.78,28,20,0.45,US,1711999338
269,nguigmi,14.2495,13.1092,30.94,21,100,1.17,NE,1711999339
270,nicoya,10.1483,-85.452,36.44,23,0,2.37,CR,1711999339
271,port alfred,-33.5906,26.891,20.15,92,94,1.78,ZA,1711999325
272,howard springs,-12.497,131.047,25.95,97,100,2.52,AU,1711999340
273,udachny,66.4167,112.4,-12.92,93,99,6.27,RU,1711999314
274,vadso,70.0744,29.7487,-8.51,67,100,6.69,NO,1711999341
275,salahonda,2.1019,-78.7217,26.99,82,98,4.92,CO,1711999342
276,luanda,-8.8368,13.2343,27.47,86,100,3.46,AO,1711999113
277,punta arenas,-53.15,-70.9167,10.06,57,75,12.86,CL,1711999146
278,veinticinco de mayo,-35.4323,-60.1727,24.43,42,100,0.89,AR,1711999343
279,mabaruma,8.2,-59.7833,29.98,69,90,2.81,GY,1711999344
280,barcelos,41.5388,-8.6151,13.08,87,82,3.47,PT,1711999308
281,panaba,21.2833,-88.2667,36.91,21,20,3.86,MX,1711999280
282,lata,40.1629,-8.3327,9.96,82,93,1.88,PT,1711999345
283,emerald,-23.5333,148.1667,17.97,87,0,2.4,AU,1711999303
284,yairipok,24.6667,94.0667,17.55,87,0,1.08,IN,1711999346
285,teknaf,20.8624,92.3058,24.74,94,13,3.55,BD,1711999346
286,jijiga,9.35,42.8,23.19,53,39,5.0,ET,1711999347
287,kuta,-8.7233,115.1723,26.97,94,75,2.24,ID,1711999347
288,mezhdurechenskiy,59.6,65.9333,-0.45,89,94,3.53,RU,1711999348
289,yangshuo,24.7808,110.4897,23.87,91,1,1.45,CN,1711999348
290,valdosta,30.8327,-83.2785,27.73,56,0,3.09,US,1711999277
291,puerto santa,-8.9906,-78.6456,24.16,77,78,4.21,PE,1711999349
292,jiwani,25.05,61.7417,24.92,71,100,6.78,PK,1711999349
293,ust'-ilimsk,58.0006,102.6619,-10.31,98,100,2.24,RU,1711999252
294,cill airne,52.05,-9.5167,9.42,78,100,0.96,IE,1711999350
295,fortuna,40.5982,-124.1573,17.21,75,0,4.63,US,1711999267
296,port douglas,-16.4833,145.4667,24.56,85,99,3.58,AU,1711999351
297,azul,-36.777,-59.8585,19.45,41,0,1.97,AR,1711999346
298,okha,53.5739,142.9478,-4.47,96,100,4.19,RU,1711999350
299,mejit,10.2753,170.8646,26.89,75,100,9.26,MH,1711999276
300,chibougamau,49.9168,-74.3659,0.79,29,100,2.57,CA,1711999247
301,thunder bay,48.4001,-89.3168,0.99,64,40,4.12,CA,1711999083
302,elverum,60.8819,11.5623,2.14,98,97,1.47,NO,1711999339
303,yarmouth,41.7057,-70.2286,11.19,79,40,3.09,US,1711999354
304,pineville,31.3224,-92.4343,26.07,74,0,5.14,US,1711999355
305,wotje,9.4543,170.2367,27.1,78,100,9.24,MH,1711999355
306,carmo,-21.9336,-42.6086,26.65,72,11,1.11,BR,1711999356
307,kasukabe,35.9764,139.7536,12.19,45,0,2.24,JP,1711999356
308,kununurra,-15.7667,128.7333,24.99,100,75,2.57,AU,1711999357
309,mantua,45.1667,10.7833,13.88,73,1,2.24,IT,1711999357
310,taytay,14.5678,121.1394,28.36,75,20,2.06,PH,1711999358
311,ji'an,27.1172,114.9793,24.45,77,5,8.08,CN,1711999358
312,bethanie,-26.4833,17.15,25.52,40,92,4.63,NA,1711999359
313,les avirons,-21.2418,55.3394,23.05,94,100,12.86,RE,1711999359
314,fort st. john,56.2499,-120.8529,7.94,18,75,6.69,CA,1711999164
315,susuman,62.7833,148.1667,-23.34,99,87,0.89,RU,1711999359
316,kingston,17.997,-76.7936,31.53,66,20,8.75,JM,1711999064
317,tibati,6.4667,12.6333,27.51,37,80,1.46,CM,1711999361
318,la'ie,21.6477,-157.9253,23.9,84,83,1.34,US,1711999361
319,atafu village,-8.5421,-172.5159,29.33,74,20,6.04,TK,1711999316
320,komatsu,36.4026,136.4509,8.24,75,20,1.54,JP,1711999362
321,heyuan,23.7333,114.6833,23.82,91,2,2.63,CN,1711999362
322,tengrela,10.4869,-6.4097,36.24,22,67,1.61,CI,1711999363
323,coronel dorrego,-38.7187,-61.2873,20.61,23,0,4.08,AR,1711999363
324,al mindak,20.1588,41.2834,16.78,71,0,2.45,SA,1711999363
325,springbok,-29.6643,17.8865,15.66,46,0,1.93,ZA,1711999333
326,ardabil,38.2498,48.2933,3.75,87,0,4.12,IR,1711999364
327,altud,43.7219,43.8658,14.01,71,72,1.97,RU,1711999365
328,kristiansund,63.1115,7.732,4.03,87,75,7.72,NO,1711999365
329,micheweni,-4.9667,39.8333,27.79,78,21,3.95,TZ,1711999363
330,acajutla,13.5928,-89.8275,31.19,59,12,5.17,SV,1711999366
331,namibe,-15.1961,12.1522,24.01,81,96,1.14,AO,1711999357
332,argo,37.6333,22.7333,16.55,46,10,1.47,GR,1711999367
333,san andres,12.5847,-81.7006,31.01,58,20,4.63,CO,1711999314
334,airuk,7.2772,168.8203,27.29,84,92,8.3,MH,1711999276
335,menongue,-14.6585,17.691,21.23,77,99,2.91,AO,1711999369
336,kulhudhuffushi,6.6221,73.07,29.07,70,38,0.84,MV,1711999369
337,tire,38.0888,27.7351,15.41,49,3,0.41,TR,1711999369
338,nizhniy odes,63.6445,54.856,-4.97,91,100,3.79,RU,1711999370
339,zarghun shahr,32.8473,68.4457,9.39,41,6,4.29,AF,1711999370
340,sangmelima,2.9333,11.9833,24.0,71,100,0.62,CM,1711999371
341,bamboo flat,11.7,92.7167,24.05,94,4,1.03,IN,1711999355
342,broken hill,-31.95,141.4333,14.57,61,0,7.43,AU,1711999357
343,aibak,36.2647,68.0155,12.14,64,52,1.23,AF,1711999372
344,puerto rico,-26.796,-55.024,35.4,30,2,1.84,AR,1711999152
345,votuporanga,-20.4228,-49.9728,30.35,50,71,1.71,BR,1711999254
346,aitape,-3.1374,142.3475,25.96,91,100,1.86,PG,1711999373
347,koungou,-12.7336,45.2042,28.84,84,100,2.57,YT,1711999374
348,kalabo,-14.97,22.6814,20.76,80,99,1.64,ZM,1711999374
349,kone,-21.0595,164.8658,21.55,88,6,2.04,NC,1711999328
350,monrovia,6.3005,-10.7969,28.87,81,1,2.34,LR,1711999375
351,noshiro,40.2039,140.0242,4.39,60,99,7.19,JP,1711999375
352,tianpeng,30.9866,103.9393,17.56,87,100,0.87,CN,1711999376
353,alofi,-19.0595,-169.9187,27.94,83,40,5.66,NU,1711999336
354,nabire,-3.3667,135.4833,25.05,92,96,0.96,ID,1711999376
355,murzuq,25.9155,13.9184,27.78,11,0,5.12,LY,1711999281
356,cabo san lucas,22.8909,-109.9124,27.01,56,40,5.14,MX,1711999202
357,mkushi,-13.6202,29.3939,20.07,78,100,2.33,ZM,1711999378
358,salekhard,66.53,66.6019,-15.53,90,78,2.35,RU,1711999378
359,nchelenge,-9.3451,28.734,21.38,90,94,1.57,ZM,1711999333
360,mugia,43.1041,-9.2179,13.28,79,99,9.59,ES,1711999379
361,chiroqchi,39.0336,66.5722,11.31,42,100,1.62,UZ,1711999380
362,brokopondo,4.75,-55.1667,34.17,43,41,1.27,SR,1711999380
363,hinatuan,8.3722,126.3342,24.72,90,79,0.78,PH,1711999381
364,kolyvan',55.3053,82.7391,1.79,87,100,4.6,RU,1711999381
365,burang,30.25,81.1667,-8.81,82,100,1.42,CN,1711999368
366,iskateley,67.6803,53.1512,-9.43,87,100,4.92,RU,1711999382
367,zeya,53.75,127.2667,-8.06,92,100,1.39,RU,1711999382
368,bel ombre,-4.6167,55.4167,26.91,89,75,1.54,SC,1711999383
369,la ronge,55.1001,-105.2842,7.14,36,40,6.17,CA,1711999339
370,gorontalo,0.5412,123.0595,23.24,93,100,1.61,ID,1711999384
371,issa,53.8705,44.8578,6.75,85,100,4.44,RU,1711999384
372,jumla,29.2747,82.1838,8.99,57,100,1.62,NP,1711999385
373,qionghai,19.2425,110.4642,24.81,88,5,5.44,CN,1711999385
374,messaad,34.1543,3.5031,17.45,32,0,5.97,DZ,1711999385
375,hobyo,5.3505,48.5268,28.65,77,29,6.5,SO,1711999386
376,sibiti,-3.6819,13.3499,22.52,87,100,1.13,CG,1711999386
377,cody,44.5263,-109.0565,5.36,57,0,0.89,US,1711999306
378,kayyerkan,69.3786,87.7439,-16.51,88,100,4.02,RU,1711999387
379,el granada,37.5027,-122.4694,20.89,45,0,1.54,US,1711999388
380,ixtapa,20.7,-105.2,25.57,73,75,5.66,MX,1711999388
381,shalya,57.2471,58.7298,0.24,97,100,2.84,RU,1711999389
382,laguna,38.421,-121.4238,20.16,54,0,4.12,US,1711999267
383,christchurch,-43.5333,172.6333,11.41,90,100,0.51,NZ,1711999138
384,ayutla de los libres,16.9,-99.2167,34.78,31,3,4.31,MX,1711999280
385,fuli,46.7217,131.1394,-1.88,68,6,4.27,CN,1711999391
386,oblivskaya,48.5362,42.5014,12.64,65,76,4.0,RU,1711999391
387,deulgaon raja,20.0167,76.0333,30.33,22,4,6.62,IN,1711999391
388,arraial do cabo,-22.9661,-42.0278,26.98,65,20,4.12,BR,1711999332
389,nhamunda,-2.1861,-56.7131,32.49,60,67,1.6,BR,1711999393
390,walvis bay,-22.9575,14.5053,15.05,87,38,3.65,NA,1711999394
391,wenling,28.3669,121.36,16.1,99,100,1.1,CN,1711999394
392,mar del plata,-38.0023,-57.5575,18.38,73,75,7.2,AR,1711999211
393,wabag,-5.4781,143.7021,14.36,99,100,0.48,PG,1711999395
394,ugoofaaru,5.6667,73.0,28.81,71,100,1.6,MV,1711999279
395,mili,6.0815,171.735,28.0,75,96,8.81,MH,1711999397
396,santiago de cuba,20.0247,-75.8219,29.06,65,40,4.63,CU,1711999397
397,mandalgovi,45.7625,106.2708,-0.44,37,35,3.2,MN,1711999398
398,suez,29.9737,32.5263,23.32,44,99,6.53,EG,1711999398
399,watsa,3.0372,29.5355,20.14,89,100,1.16,CD,1711999399
400,dudinka,69.4058,86.1778,-15.18,90,100,6.26,RU,1711999108
401,la sarre,48.8002,-79.1996,-0.06,62,6,2.16,CA,1711999399
402,campo maior,-4.8278,-42.1686,30.89,66,82,1.26,BR,1711999400
403,bodo,67.28,14.405,-1.79,62,40,5.14,NO,1711999352
404,nantucket,41.2835,-70.0995,9.08,86,0,4.12,US,1711999165
405,san luis de la loma,17.2706,-100.8939,30.38,54,36,4.54,MX,1711999356
406,labytnangi,66.6572,66.4183,-14.35,87,100,3.26,RU,1711999320
407,petrolina,-9.3986,-40.5008,29.03,79,40,2.06,BR,1711999373
408,saint-joseph,-21.3667,55.6167,24.21,91,100,5.72,RE,1711999359
409,ostersund,63.1792,14.6357,-1.33,86,20,3.09,SE,1711999403
410,uliastay,47.7417,96.8444,-4.84,52,95,2.58,MN,1711999276
411,scottburgh,-30.2867,30.7532,23.36,79,100,7.7,ZA,1711999404
412,mamontovo,52.7055,81.6244,2.17,67,100,3.93,RU,1711999404
413,plettenberg bay,-34.0527,23.3716,16.85,73,90,2.33,ZA,1711999405
414,ancud,-41.8697,-73.8203,13.19,55,54,2.07,CL,1711999400
415,corinto,37.9407,22.9573,19.02,60,64,0.67,GR,1711999406
416,siuri,23.9167,87.5333,29.05,14,2,2.09,IN,1711999406
417,silistra,44.1167,27.2667,21.06,34,9,3.47,BG,1711999407
418,volodarskiy,46.4013,48.5409,6.97,50,10,3.17,RU,1711999407
419,dzhalagash,45.0833,64.6667,9.08,56,70,4.49,KZ,1711999407
420,freetown,8.484,-13.2299,27.84,78,20,3.09,SL,1711999408
421,saint-leu,-21.15,55.2833,24.48,85,100,1.44,RE,1711999408
422,prado,-17.3411,-39.2208,27.75,71,100,4.31,BR,1711999409
423,kavaratti,10.5669,72.642,28.86,70,4,2.11,IN,1711999346
424,takoradi,4.8845,-1.7554,28.37,80,100,2.54,GH,1711999410
425,yuzhno-kurilsk,44.0306,145.8556,-2.01,97,100,2.25,RU,1711999308
426,chrysoupolis,40.9856,24.6939,16.05,79,89,1.37,GR,1711999410
427,kasane,-17.8167,25.15,24.4,52,100,3.45,BW,1711999411
428,urucara,-2.5364,-57.76,33.34,54,65,2.3,BR,1711999411
429,qoryooley,1.7878,44.53,28.33,74,7,4.95,SO,1711999412
430,hami,42.8,93.45,10.49,51,100,2.65,CN,1711999409
431,vershino-darasunskiy,52.35,115.5167,-3.86,94,100,4.07,RU,1711999412
432,fu'an,27.0892,119.6453,18.91,97,100,0.65,CN,1711999413
433,newman,37.3138,-121.0208,18.49,66,0,0.89,US,1711999314
434,juuka,63.2333,29.25,1.39,99,100,3.66,FI,1711999414
435,dalandzadgad,43.5708,104.425,4.09,32,100,2.63,MN,1711999414
436,zhanaozen,43.3,52.8,13.29,34,82,2.8,KZ,1711999414
437,patan,27.6667,85.3333,16.21,67,20,1.03,NP,1711999416
438,derzhavinsk,51.1,66.3167,1.9,97,100,3.9,KZ,1711999416
439,turpan,42.9333,89.1667,14.53,35,100,3.4,CN,1711999345
440,marsh harbour,26.5412,-77.0636,23.37,64,88,5.28,BS,1711999417
441,rondonopolis,-16.4708,-54.6356,33.88,51,51,0.66,BR,1711999331
442,hola,51.5377,23.1902,19.1,51,70,6.46,PL,1711999418
443,sergach,55.5308,45.4661,6.22,95,100,4.56,RU,1711999418
444,banda aceh,5.5577,95.3222,27.43,80,35,1.02,ID,1711999391
445,tiruppuvanam,9.8333,78.2667,29.18,64,0,2.45,IN,1711999419
446,khandud,36.9513,72.318,-9.38,57,7,0.49,AF,1711999419
447,jinghong,21.991,100.7341,22.54,42,24,1.49,CN,1711999420
448,altos,-5.0381,-42.46,29.9,73,91,0.95,BR,1711999420
449,mildura,-34.2,142.15,13.37,88,0,7.12,AU,1711999131
450,salalah,17.0151,54.0924,27.05,69,0,1.03,OM,1711999421
451,gaiman,-43.2897,-65.4929,21.22,14,5,4.71,AR,1711999422
452,plymouth,41.8334,-70.8328,15.68,69,0,3.09,US,1711999149
453,quellon,-43.1167,-73.6167,11.49,68,86,3.81,CL,1711999423
454,dawson creek,55.7666,-120.2362,8.8,17,20,11.32,CA,1711999423
455,nouadhibou,20.931,-17.0347,20.99,73,0,9.26,MR,1711999424
456,lhasa,29.65,91.1,8.59,30,70,2.87,CN,1711999424
457,portel,-1.9356,-50.8211,28.93,82,82,2.06,BR,1711999425
458,katabu,-4.9333,122.5167,24.49,94,100,0.79,ID,1711999425
459,usinsk,65.9939,57.5281,-10.52,86,100,1.34,RU,1711999327
460,wainwright,52.839,-110.8572,8.73,35,2,10.12,CA,1711999426
461,copiapo,-27.3667,-70.3333,17.83,38,0,4.1,CL,1711999086
462,jamaame,0.0697,42.745,28.44,74,12,4.1,SO,1711999427
463,medemblik,52.7687,5.1062,11.1,81,100,1.34,NL,1711999313
464,kamina,-8.7386,24.9906,19.09,98,100,1.52,CD,1711999428
465,mweka,-4.85,21.5667,21.07,89,98,0.73,CD,1711999428
466,santa cruz,-17.8,-63.1667,33.7,55,75,8.75,BO,1711999387
467,tingo maria,-9.2895,-76.0088,23.17,94,100,2.57,PE,1711999429
468,santiago de cao,-7.9589,-79.2392,23.07,83,20,5.66,PE,1711999429
469,puerto deseado,-47.7503,-65.8938,16.3,30,0,8.43,AR,1711999320
470,shingu,33.7333,135.9833,9.47,61,0,1.79,JP,1711999341
471,smigiel,52.0134,16.527,14.93,72,100,8.07,PL,1711999430
472,alakurtti,66.9672,30.3491,-7.3,88,100,6.69,RU,1711999431
473,sijunjung,-0.6876,100.9537,23.37,99,84,0.63,ID,1711999431
474,filey,54.21,-0.2892,7.72,87,89,0.45,GB,1711999431
475,jiuquan,39.7432,98.5174,6.0,69,100,3.69,CN,1711999397
476,gaalkacyo,6.7697,47.4308,27.2,71,11,8.8,SO,1711999432
477,galveston,29.3669,-94.9669,27.88,82,100,3.6,US,1711999433
478,brattleboro,42.8509,-72.5579,15.43,45,64,3.58,US,1711999433
479,el fasher,13.6279,25.3494,26.94,9,55,3.49,SD,1711999434
480,pumiao,22.75,108.4833,25.84,72,5,6.73,CN,1711999434
481,amga,60.8953,131.9608,-25.91,100,100,0.77,RU,1711999434
482,devgadh bariya,22.7,73.9,26.33,22,66,2.3,IN,1711999435
483,dolinsk,47.35,142.8,-3.49,88,76,2.8,RU,1711999435
484,torghay,49.6339,63.4981,7.8,70,100,1.69,KZ,1711999436
485,zhangye,38.9342,100.4517,4.26,93,100,1.44,CN,1711999437
486,nova xavantina,-14.6667,-52.35,32.16,59,81,0.64,BR,1711999404
487,caleta de carquin,-11.0925,-77.6267,24.11,78,97,3.53,PE,1711999339
488,el colomo,19.05,-104.25,22.99,50,86,3.75,MX,1711999438
489,robore,-18.3333,-59.75,34.05,52,40,7.72,BO,1711999314
490,valle de la pascua,9.2155,-66.0073,33.78,38,100,3.45,VE,1711999439
491,puerto aysen,-45.4,-72.7,7.28,99,100,1.75,CL,1711999439
492,lambarene,-0.7001,10.2406,23.81,88,100,1.69,GA,1711999440
493,sogndal,61.2283,7.1003,7.21,60,0,1.54,NO,1711999440
494,port saint john's,-31.6229,29.5448,22.84,92,100,1.84,ZA,1711999323
495,yreka,41.7354,-122.6345,15.2,42,0,0.0,US,1711999441
496,carlsbad,33.1581,-117.3506,20.75,65,0,4.12,US,1711999250
497,trinidad,-14.8333,-64.9,32.99,62,40,4.63,BO,1711999442
498,altamont,42.2068,-121.7372,13.55,41,0,1.54,US,1711999442
499,an nuhud,12.7,28.4333,26.59,11,100,3.77,SD,1711999443
500,crane,31.3974,-102.3501,27.33,19,99,16.02,US,1711999329
501,port macquarie,-31.4333,152.9167,14.94,93,42,4.07,AU,1711999444
502,alaior,39.9303,4.1404,13.86,67,0,2.57,ES,1711999444
503,harper,4.375,-7.7169,28.08,80,17,2.47,LR,1711999382
504,juan griego,11.0817,-63.9655,28.85,69,65,7.38,VE,1711999445
505,machico,32.7,-16.7667,19.28,83,40,7.2,PT,1711999445
506,fremont,37.5483,-121.9886,20.91,47,0,3.6,US,1711999446
507,ankang,32.68,109.0172,17.44,93,100,0.14,CN,1711999446
508,palembang,-2.9167,104.7458,25.05,100,75,1.03,ID,1711999409
509,hadibu,12.65,54.0333,27.13,76,22,3.4,YE,1711999322
510,itaberaba,-12.5275,-40.3069,35.88,35,100,2.05,BR,1711999447
511,merizo village,13.2658,144.6691,27.31,87,79,7.59,GU,1711999448
512,kittila,67.6647,24.8936,-7.92,67,16,7.2,FI,1711999448
513,howrah,22.5892,88.3103,29.0,84,20,3.09,IN,1711999401
514,benemerito de las americas,16.5167,-90.6439,37.49,30,0,2.11,MX,1711999280
515,worland,44.0169,-107.9554,5.64,75,75,2.57,US,1711999449
516,wanganui,-39.9333,175.05,9.21,93,3,2.16,NZ,1711999450
517,hohhot,40.8106,111.6522,12.08,30,100,5.58,CN,1711999341
518,upington,-28.4478,21.2561,24.21,57,97,3.09,ZA,1711999451
519,aljezur,37.3191,-8.8033,13.14,77,50,2.33,PT,1711999451
520,sangin,32.0728,64.8359,19.08,21,5,2.79,AF,1711999452
521,puerto baquerizo moreno,-0.9,-89.6,30.55,70,20,1.03,EC,1711999334
522,ishigaki,24.3448,124.1572,23.07,100,75,1.03,JP,1711999452
523,tolmezzo,46.4075,13.0175,9.71,99,100,1.94,IT,1711999453
524,fuglafjordur,62.244,-6.814,6.26,97,100,14.19,FO,1711999453
525,margate,51.3813,1.3862,10.5,81,1,3.58,GB,1711999340
526,el alto,-4.2714,-81.2147,30.81,70,71,5.2,PE,1711999454
527,khamis mushait,18.3064,42.7292,17.34,59,0,3.09,SA,1711999158
528,birzebbuga,35.8258,14.5269,17.38,88,0,8.23,MT,1711999455
529,tofol,5.3248,163.0078,28.21,80,44,8.79,FM,1711999327
530,cambria,35.5641,-121.0808,19.12,64,0,0.75,US,1711999343
531,niamey,13.5137,2.1098,40.16,6,100,2.57,NE,1711999456
532,mount pearl,47.5166,-52.7813,3.03,86,100,3.6,CA,1711999364
533,sanlucar de barrameda,36.7781,-6.3515,15.68,72,0,2.06,ES,1711999457
534,vallo della lucania,40.2297,15.2658,14.75,92,91,3.96,IT,1711999458
535,businga,3.3333,20.8833,25.17,79,86,0.85,CD,1711999458
536,tazacorte,28.629,-17.9293,19.54,83,75,1.54,ES,1711999458
537,roswell,34.0232,-84.3616,24.21,73,100,5.14,US,1711999293
538,porto novo,6.4965,2.6036,29.9,80,100,2.81,BJ,1711999358
539,kolpny,52.2282,37.0368,12.95,72,95,4.11,RU,1711999460
540,darzab,35.9774,65.3783,10.76,56,100,1.87,AF,1711999460
541,tangalle,6.024,80.7911,26.31,85,43,1.37,LK,1711999224
542,ulmeni,47.4667,23.3,19.09,50,100,2.61,RO,1711999461
543,yima,34.7381,111.8839,16.24,96,100,3.3,CN,1711999461
544,alexandria,31.2156,29.9553,19.3,68,0,5.02,EG,1711999462
545,saint-philippe,-21.3585,55.7679,24.77,94,100,5.97,RE,1711999463
546,aripuana,-9.1667,-60.6333,28.64,90,100,0.9,BR,1711999463
547,belmonte,-15.8631,-38.8828,27.15,84,100,3.8,BR,1711999314
548,qamdo,31.1667,97.2333,-2.15,59,0,2.49,CN,1711999392
549,pangody,65.85,74.4859,-7.0,96,99,2.53,RU,1711999357
550,essaouira,31.5125,-9.77,17.72,59,75,3.09,MA,1711999465
551,princeville,45.7668,-61.2985,3.28,67,75,7.2,CA,1711999321
552,shangzhi,45.2167,127.9667,-1.52,56,100,2.25,CN,1711999465
553,danville,36.586,-79.395,27.36,41,20,5.14,US,1711999466
554,boda,4.3189,17.4695,27.29,57,99,1.77,CF,1711999466
555,boueni,-12.9025,45.0761,28.99,74,49,2.92,YT,1711999467
556,kasongo-lunda,-6.4667,16.8167,22.6,82,100,0.31,CD,1711999333
557,doctor juan leon mallorquin,-25.4,-55.2667,30.85,52,98,1.4,PY,1711999458
558,inyonga,-6.7167,32.0667,18.99,95,94,1.29,TZ,1711999468
559,port hueneme,34.1478,-119.1951,22.99,60,20,5.66,US,1711999274
560,chebba,35.2372,11.115,16.73,75,8,12.62,TN,1711999469
561,pandan,14.0453,124.1694,24.93,84,30,3.42,PH,1711999469
562,cruzeiro,-22.5761,-44.9628,29.09,55,86,0.82,BR,1711999470
563,amahai,-3.3333,128.9167,26.1,87,100,2.25,ID,1711999407
564,neiafu,-18.65,-173.9833,28.38,83,40,4.12,TO,1711999471
565,niksic,42.7731,18.9445,15.92,65,3,5.09,ME,1711999239
566,balaklava,44.5,33.6,16.32,47,10,5.37,UA,1711999471
567,uba,-21.12,-42.9428,26.69,73,33,1.94,BR,1711999472
568,pimentel,-6.8367,-79.9342,29.16,54,0,8.23,PE,1711999472
